filename,label
S769210.npz,1
S778627.npz,1
S786332.npz,1
S771487.npz,1
S780574.npz,1
S776707.npz,1
S787165.npz,1
S788965.npz,1
S782058.npz,1
S774496.npz,1
S785583.npz,1
S802216.npz,0
S754937.npz,1
S776527.npz,1
S763943.npz,1
S780379.npz,1
S784174.npz,1
S772806.npz,1
S787772.npz,1
S781170.npz,1
S775664.npz,1
S786131.npz,1
S788044.npz,1
S782931.npz,1
S788449.npz,1
S777291.npz,1
S778696.npz,0
S779430.npz,1
S779148.npz,1
S787583.npz,1
S782554.npz,1
S783860.npz,1
S795231.npz,1
S798681.npz,0
S773483.npz,1
S778594.npz,0
S779635.npz,1
S788556.npz,1
S773244.npz,1
S784555.npz,1
S779380.npz,1
S781134.npz,1
S773645.npz,0
S780286.npz,1
S776909.npz,1
S779428.npz,1
S780765.npz,0
S765425.npz,1
S786331.npz,1
S786001.npz,1
S788304.npz,1
S779562.npz,1
S780798.npz,0
S773562.npz,0
S774675.npz,1
S787257.npz,1
S776431.npz,0
S775029.npz,1
S773474.npz,1
S785854.npz,1
S779515.npz,1
S759449.npz,1
S771784.npz,1
S775595.npz,1
S782192.npz,1
S781926.npz,1
S798711.npz,1
S779146.npz,1
S775665.npz,1
S782133.npz,1
S780114.npz,1
S778673.npz,1
S776555.npz,0
S774093.npz,1
S782853.npz,1
S790337.npz,1
S763697.npz,1
S790562.npz,1
S793064.npz,1
S758878.npz,1
S783559.npz,1
S780109.npz,1
S774560.npz,0
S771965.npz,0
S786356.npz,1
S764826.npz,1
S774121.npz,1
S756331.npz,1
S758480.npz,1
S787344.npz,1
S784154.npz,1
S768254.npz,1
S774122.npz,1
S791707.npz,1
S772713.npz,1
S757101.npz,1
S780534.npz,1
S767595.npz,1
S774018.npz,1
S774468.npz,1
S777899.npz,1
S767730.npz,1
S773261.npz,1
S773028.npz,1
S773074.npz,1
S772462.npz,1
S784296.npz,1
S774400.npz,1
S780590.npz,1
S786152.npz,1
S779151.npz,1
S788760.npz,1
S790227.npz,1
S786461.npz,1
S766161.npz,1
S776460.npz,1
S765325.npz,1
S780823.npz,0
S791789.npz,1
S771695.npz,1
S756824.npz,1
S782216.npz,1
S780296.npz,1
S772816.npz,1
S783164.npz,1
S785351.npz,1
S788666.npz,1
S806294.npz,1
S796621.npz,1
S786359.npz,1
S790338.npz,1
S767026.npz,1
S787301.npz,1
S761768.npz,1
S781453.npz,1
S782272.npz,0
S785598.npz,1
S795691.npz,1
S788678.npz,0
S789824.npz,1
S773579.npz,1
S774883.npz,1
S787154.npz,1
S782450.npz,1
S781198.npz,1
S780809.npz,0
S781936.npz,1
S791721.npz,1
S778235.npz,1
S784015.npz,1
S780073.npz,1
S785478.npz,0
S781652.npz,1
S783949.npz,1
S783940.npz,1
S783098.npz,0
S775143.npz,1
S773716.npz,1
S786445.npz,0
S788338.npz,1
S773243.npz,1
S759830.npz,1
S775722.npz,1
S783698.npz,1
S774693.npz,1
S785759.npz,1
S774913.npz,1
S766413.npz,1
S784707.npz,1
S779812.npz,1
S776566.npz,0
S774347.npz,0
S783791.npz,1
S787551.npz,1
S769599.npz,1
S786476.npz,1
S786076.npz,1
S788070.npz,1
S778215.npz,0
S779422.npz,1
S773420.npz,1
S762510.npz,1
S784075.npz,1
S778207.npz,0
S778731.npz,1
S787557.npz,1
S774672.npz,1
S774789.npz,1
S786200.npz,1
S787138.npz,0
S780175.npz,1
S766129.npz,1
S767072.npz,0
S785816.npz,1
S787598.npz,1
S771227.npz,1
S758468.npz,1
S791991.npz,1
S774045.npz,1
S783637.npz,1
S776501.npz,1
S798653.npz,1
R18120711557650.npz,0
R18120914328144.npz,0
R18111816178335.npz,0
R18111611018478.npz,0
R18113013577849.npz,0
R18113013577831.npz,0
R18111703278378.npz,0
R18121021227383.npz,0
R18120418437377.npz,0
R18120608157396.npz,0
R18120711057832.npz,0
R18112514418139.npz,0
R18111908048456.npz,0
R18111517308031.npz,0
R18111506207979.npz,0
R18120705597776.npz,0
R18120601317532.npz,0
R18112203067436.npz,0
R18112203067429.npz,0
R18112203067383.npz,0
R18111904327255.npz,0
R18120702477468.npz,0
R18120200108333.npz,0
R18111717137268.npz,0
R18111723327722.npz,0
R18120515037341.npz,0
R18120914107283.npz,0
R18120903217684.npz,0
R18120903217404.npz,0
R18111220397649.npz,0
R18111214367418.npz,0
R18112319297460.npz,0
R18112104407504.npz,0
R18111922488266.npz,0
R18111708207381.npz,0
R18111708207661.npz,0
R18112715467429.npz,0
R18112114587480.npz,0
R18111410597576.npz,0
R18112410567993.npz,0
R18112621497475.npz,0
R18120420577695.npz,0
S834603.npz,1
S830464.npz,1
S812424.npz,0
S835883.npz,0
S816992.npz,0
S815783.npz,1
S831671.npz,1
S841676.npz,1
S813465.npz,1
S799730.npz,1
S830712.npz,1
S834609.npz,1
S840536.npz,1
S818684.npz,1
S826589.npz,1
S797364.npz,1
S793714.npz,1
S813205.npz,1
S853732.npz,1
S828489.npz,1
S839588.npz,1
S802480.npz,0
S796057.npz,1
S806824.npz,1
S836260.npz,1
S820768.npz,0
S798757.npz,1
S800227.npz,1
S822507.npz,0
S802586.npz,1
S825148.npz,1
S805518.npz,1
S810149.npz,0
S811221.npz,1
S805676.npz,1
S802302.npz,1
S838628.npz,0
S807044.npz,1
S801385.npz,1
S797383.npz,1
S810903.npz,1
S800698.npz,1
S797121.npz,0
S822509.npz,1
S813041.npz,1
S821713.npz,1
S801208.npz,1
S827625.npz,0
S831052.npz,0
S818919.npz,1
S804861.npz,0
S801209.npz,1
S792028.npz,1
S828481.npz,1
S802755.npz,0
S800860.npz,1
S799373.npz,1
S814060.npz,1
S830972.npz,0
S811389.npz,1
S827260.npz,1
S813048.npz,1
S802418.npz,1
S809079.npz,0
S840025.npz,1
S813985.npz,1
S805291.npz,1
S800720.npz,1
S823542.npz,1
S821279.npz,1
S813044.npz,1
S805122.npz,0
S834834.npz,1
S815802.npz,1
S810960.npz,1
S830521.npz,1
S793652.npz,1
S810279.npz,1
S796413.npz,1
S801200.npz,1
S831590.npz,1
S814835.npz,1
S821661.npz,1
S797841.npz,1
S813583.npz,1
S840860.npz,1
S816622.npz,1
S811290.npz,1
S814114.npz,1
S794907.npz,1
S823268.npz,1
S802291.npz,1
S800708.npz,1
S851205.npz,0
S849773.npz,0
S857693.npz,1
S857089.npz,0
S845983.npz,1
S848105.npz,1
S845987.npz,1
S857979.npz,1
S853213.npz,1
S849884.npz,1
S826428.npz,1
S852745.npz,1
S853537.npz,1
S853495.npz,1
S826770.npz,0
S851901.npz,1
S826087.npz,1
S849045.npz,0
S839155.npz,1
S845995.npz,1
S849474.npz,0
S843228.npz,1
S857803.npz,1
S846277.npz,1
S855385.npz,1
S843285.npz,1
S856720.npz,1
S850045.npz,1
S850048.npz,1
S836955.npz,1
S851214.npz,0
S851515.npz,1
S835276.npz,1
S835728.npz,1
S827031.npz,0
S846176.npz,1
S826838.npz,0
S839685.npz,1
S848164.npz,0
S835261.npz,1
S848509.npz,1
S842742.npz,1
S836880.npz,1
S837543.npz,1
S833665.npz,1
S855374.npz,1
S853617.npz,1
S846087.npz,1
S853086.npz,1
S844789.npz,1
S856586.npz,0
S845045.npz,1
S847457.npz,1
S845102.npz,1
S843653.npz,0
S845117.npz,1
S847287.npz,1
S843272.npz,0
S850621.npz,1
S857832.npz,1
S845969.npz,1
S852497.npz,1
S856992.npz,1
S844156.npz,0
S855992.npz,1
S850323.npz,1
S851158.npz,0
S830045.npz,1
S845132.npz,1
S858117.npz,1
S847450.npz,1
S839048.npz,1
S842129.npz,0
S846068.npz,1
S857072.npz,1
S852563.npz,1
S839404.npz,1
S848603.npz,1
S857024.npz,1
S846040.npz,1
S835024.npz,1
S847346.npz,1
S827944.npz,1
S852805.npz,1
S841504.npz,1
S856580.npz,0
S857093.npz,0
S853482.npz,1
S837644.npz,1
S852446.npz,1
S844989.npz,1
S850095.npz,1
S856108.npz,1
S852494.npz,1
S843766.npz,1
S841318.npz,0
R19051110597559.npz,0
R19051922317177.npz,0
R19062600507625.npz,0
R19051922318243.npz,0
R19051922318151.npz,0
R19051720147896.npz,0
R19051113177716.npz,0
R19051501438046.npz,0
R19062910398618.npz,0
R19062423158677.npz,0
R19062423158708.npz,0
R19051813407704.npz,0
R19052005058523.npz,0
R19052005058130.npz,0
R19062903147521.npz,0
R19062906008261.npz,0
R19051811487556.npz,0
R19062912337809.npz,0
R19062912337147.npz,0
R19062505507917.npz,0
R19062505508639.npz,0
R19062723328338.npz,0
R19062102428237.npz,0
R19051619398147.npz,0
R19062505507992.npz,0
R19062505507597.npz,0
R19051516157930.npz,0
R19051516157657.npz,0
R19051501437483.npz,0
R19051501437385.npz,0
R19051501438090.npz,0
R19051303097806.npz,0
R19112311088123.npz,0
R19091307287639.npz,0
R19112703148077.npz,0
R19110705397793.npz,0
R19110402257609.npz,0
R19112614567855.npz,0
R19092315157823.npz,0
R19092315157707.npz,0
R19092800327421.npz,0
R19112816267573.npz,0
R19112310377604.npz,0
R19112815007674.npz,0
R19110509518342.npz,0
R19110309077808.npz,0
R19110702387499.npz,0
R19110702387965.npz,0
R19092007068416.npz,0
R19092007068157.npz,0
R19092607148610.npz,0
R19110914598166.npz,0
R19112118177522.npz,0
R19110922508428.npz,0
R19091902347489.npz,0
R19091902347581.npz,0
R19110501077426.npz,0
R19110501078435.npz,0
R19092521297744.npz,0
R19091416357394.npz,0
R19092106578465.npz,0
R19110401447870.npz,0
R19110322057777.npz,0
R19091604307353.npz,0
R19112919528097.npz,0
R19092617138174.npz,0
R19091307288243.npz,0
R19092802137925.npz,0
R19092606047265.npz,0
R19112501388274.npz,0
R19112501388575.npz,0
R19091914547403.npz,0
R19112911128068.npz,0
R19092803587621.npz,0
R19112113017471.npz,0
R19092111378671.npz,0
R19092617178170.npz,0
R19112508278478.npz,0
R19112416537912.npz,0
R19110205388368.npz,0
R19091614207564.npz,0
R19110705287565.npz,0
R19110705287562.npz,0
R19092504538640.npz,0
R19110817277103.npz,0
R19110606427549.npz,0
R19091903157430.npz,0
R19112416258095.npz,0
R19110711237504.npz,0
R19092410377392.npz,0
R19092410377734.npz,0
R19091914587878.npz,0
R19091914587572.npz,0
R18072919178350.npz,0
R18072001217434.npz,0
R18071614367863.npz,0
R18071614367714.npz,0
R18070805277481.npz,0
R18072913267533.npz,0
R18072913267189.npz,0
R18072913267995.npz,0
R18070414557463.npz,0
R18070203327437.npz,0
R18071311167436.npz,0
R18072207297487.npz,0
R18070817557420.npz,0
R18071711527970.npz,0
R18070414558371.npz,0
R18073122187465.npz,0
R18071201527552.npz,0
R18072211157789.npz,0
R18073016097670.npz,0
R18072922407550.npz,0
R18071711508055.npz,0
R18072012408301.npz,0
R18072011007983.npz,0
R18070709527780.npz,0
R18070709527501.npz,0
R18072117587411.npz,0
R18070222277814.npz,0
R18071412137776.npz,0
R18071314507283.npz,0
R18072909598073.npz,0
R18070717327581.npz,0
R18070910477418.npz,0
R18070503498176.npz,0
R18070817287408.npz,0
R18071200017136.npz,0
R18071301357611.npz,0
R18070214547414.npz,0
R18071213137973.npz,0
R18072002448189.npz,0
R18073018548050.npz,0
R18071402178250.npz,0
R18072523597563.npz,0
R18071118477554.npz,0
R18071118477478.npz,0
S749639.npz,1
S763969.npz,0
S764506.npz,1
S767593.npz,0
S771047.npz,1
S764847.npz,1
S757388.npz,0
S749599.npz,1
S764157.npz,1
S754123.npz,0
S750346.npz,1
S759980.npz,1
S760604.npz,1
S745815.npz,1
S750363.npz,1
S755304.npz,1
S760874.npz,1
S762212.npz,1
S768164.npz,1
S752326.npz,1
S763791.npz,1
S752020.npz,1
S762626.npz,0
S749506.npz,1
S758065.npz,1
S754723.npz,1
S749689.npz,0
S747017.npz,1
S764719.npz,1
S757806.npz,0
S764868.npz,1
S763485.npz,1
S759422.npz,1
S763530.npz,1
S759661.npz,1
S758515.npz,1
S746867.npz,1
S761617.npz,1
S763532.npz,1
S748170.npz,0
S759211.npz,1
S746878.npz,1
S761732.npz,1
S764735.npz,1
S757761.npz,1
S749452.npz,1
S758581.npz,1
S759446.npz,0
S762278.npz,0
S760982.npz,1
S764649.npz,1
S761275.npz,1
S761332.npz,1
S764881.npz,1
S751585.npz,1
S758034.npz,1
S748136.npz,0
S759382.npz,1
